heart attack symptoms at night,2026-02-14 07:41:06.076064
high blood pressure causes,2026-02-14 07:50:00.454956
anxiety symptoms in women,2026-02-14 12:22:32.694946
vitamin d deficiency symptoms,2026-02-14 13:36:07.817693
early signs of diabetes,2026-02-14 13:39:15.966577
early signs of kidney disease,2026-02-14 13:42:38.378873
liver damage symptoms in adults,2026-02-14 14:37:41.484405
vitamin b12 deficiency symptoms in women,2026-02-14 14:48:47.452700
dehydration symptoms and treatment,2026-02-15 04:02:25.423612
thyroid imbalance symptoms,2026-02-15 13:59:52.957609
warning signs of stroke in men,2026-02-16 04:03:51.833830
high cholesterol symptoms and causes,2026-02-16 14:25:45.751282
insomnia causes and natural remedies,2026-02-17 04:49:27.292741
panic attack symptoms and treatment,2026-02-17 04:54:58.821247
low blood sugar symptoms at night,2026-02-17 05:01:17.623021
vitamin d deficiency symptoms,2026-02-17 05:55:39.825557
early signs of diabetes,2026-02-17 05:57:39.444521
heart attack symptoms at night,2026-02-17 07:09:17.153762
anxiety symptoms in women,2026-02-17 07:57:56.842801
high blood pressure causes,2026-02-17 08:16:01.244637
early signs of kidney disease,2026-02-17 14:30:24.516265
liver damage symptoms in adults,2026-02-18 04:04:50.441354
vitamin b12 deficiency symptoms in women,2026-02-18 14:29:32.113798
dehydration symptoms and treatment,2026-02-19 04:04:01.519022
thyroid imbalance symptoms,2026-02-19 14:32:13.622857
warning signs of stroke in men,2026-02-20 03:59:04.638796
high cholesterol symptoms and causes,2026-02-20 14:12:07.153314
insomnia causes and natural remedies,2026-02-21 03:41:54.320823
panic attack symptoms and treatment,2026-02-21 13:59:38.924013
